1.82356891568,0.107470639383,0.179070425927,0.0303469469076,1.60793576118,-0.0124171039735
2.583519618,0.209909237606,0.539150568657,0.0905073237557,2.86883118751,-0.18358087825
2.79307163313,0.298471819858,0.520502997326,0.436102244009,2.74214595007,-0.908022568661
1.61881246716,0.373706159542,0.220343087928,0.500283401966,1.75579351135,-0.260006981348
1.86324847338,0.640792431369,0.268000751796,0.25509783173,2.06523286873,-0.238242630513
3.46283259707,0.513260110181,0.207159814352,0.505366356411,3.09892206027,-1.35665670544
1.70436218112,0.29454565885,0.423254458653,0.276512068263,1.8421137117,-0.185417037219
1.82603659627,0.0975761666204,0.0700065512766,0.102619343964,1.49178847535,-0.0331830446489
3.50407332925,0.184897201569,0.083719466546,0.247565576507,4.4172699253,-0.852166088459
2.83486136523,0.69595450106,0.252018793734,0.310442938949,2.45250064197,-0.568146278453
2.31643590365,0.368090974161,0.172547025557,0.716784864621,2.66091700625,-0.897990409578
2.6083495447,0.509398725686,0.472612490851,0.0908394450974,2.55795528023,-0.172917876764
2.91882805266,0.12066128095,0.420903548238,0.0676729614027,3.33337908495,-0.168493438456
2.12438307231,0.108066594359,0.322896991261,0.441002660806,2.12759250289,-0.355804380044
1.84283454938,0.603991323963,0.380737757157,0.756646926695,1.88174357659,-0.602613022859
3.17548116873,0.446383104317,0.396139553342,0.712556509895,2.59671694613,-1.51589148523
2.93423919741,0.275846513416,0.440527411699,0.549970396914,2.85292701403,-1.17859522571
2.61038374264,0.281140818342,0.513751298558,0.0524259138209,2.87246023704,-0.109298948467
3.23430969374,0.141778399276,0.124867586894,0.633346197591,3.58996466629,-1.46036024316
2.68560430118,0.19274431961,0.363065078873,0.536721263652,2.89166193529,-0.964091341818
3.57087296056,0.102285260993,0.121810721557,0.113042545565,4.50339973693,-0.405616890684
1.97924439573,0.599858662979,0.271565470642,0.365165948505,2.2155287317,-0.389990121315
2.69514724387,0.372114876232,0.443142394312,0.038737922949,2.91154383896,-0.0841049660733
2.55143062869,0.164970302217,0.497348896843,0.629791910407,2.51738511905,-0.922866910233
2.28421345287,0.538846680393,0.429614077062,0.564413994334,2.2776724698,-0.773449219997
2.7727703731,0.206783975168,0.0677041020408,0.631953431894,3.29751180197,-1.0940483874
2.04236752492,0.125091381793,0.229706038217,0.597229047562,1.8819722611,-0.340638838729
3.20451550175,0.452803399776,0.131528416211,0.209903610101,3.63429790557,-0.593841638774
3.33803378128,0.634453734985,0.549401243816,0.620260749644,1.91489876239,-1.1249981897
1.82395732602,0.103725256013,0.122007678815,0.195698167678,1.53003382737,-0.0690806927504
2.51750007381,0.579096050847,0.172157221423,0.108302855112,2.87645912187,-0.194625704455
2.12814702969,0.203434715167,0.22860985639,0.306611615405,2.49850679075,-0.330036909697
1.73038984536,0.144016711657,0.0804433514546,0.391002898826,1.44037956536,-0.117019924734
3.39668583191,0.0982388457871,0.485192458522,0.224484189812,3.38980676496,-0.67312043652
2.4413948187,0.266234746696,0.368180710932,0.475780780654,2.73786030646,-0.760635484023
1.86276716492,0.531433751284,0.129874119979,0.473205322361,2.23787923956,-0.412139483054
2.94039283242,0.388532339982,0.299134278856,0.188352348312,3.24208354792,-0.467686196066
1.97454285697,0.608285638176,0.0893348793175,0.488963361535,2.35593509653,-0.482976701343
3.40793371131,0.219953297265,0.35548989368,0.280585785315,3.51067332682,-0.857973492232
2.00515392771,0.279800646509,0.165831614049,0.57702386145,2.27045526017,-0.481491372631
