2.77009849387,0.181514242207,0.162954938753,3.61738498016,3.61779677048,3.61452902539
2.67255981451,0.191986217719,0.176417070361,3.46997086878,3.46872687891,3.47266966145
2.57502113515,0.211184839491,0.202976966073,3.3127180235,3.31194358293,3.31531957875
2.47748245579,0.246091424531,0.245204768148,3.1452349182,3.14661785028,3.14281509036
2.34092830468,0.284488668075,0.295575504764,2.91273507616,2.91470739721,2.91290141041
2.24338962532,0.315904594611,0.347582930267,2.73318036493,2.73373805027,2.733862612
2.12634321008,0.356047167407,0.396473205196,2.5364230978,2.53421085805,2.53561833215
2.26289736119,0.249582083035,0.206846700408,2.85443164922,2.85110036779,2.87964321708
2.1848664177,0.258308729295,0.226728467719,2.71631735656,2.71453716229,2.74649082782
2.12634321008,0.298451302091,0.272492223717,2.62153729753,2.62440502164,2.64310617361
2.02880453072,0.331612557879,0.321922638994,2.44878788867,2.45379252279,2.47151683196
1.95077358723,0.363028484415,0.374531689339,2.30473416252,2.30964950338,2.32682184104
1.81421943613,0.417133691227,0.407827479245,2.09442685425,2.09718223095,2.11084846328
2.20242337999,0.263544717051,0.230941390051,2.74892799829,2.74800653327,2.77473446578
2.00539524767,0.247836753783,0.227767293544,2.3737881077,2.36944931124,2.42570244692
1.76545009645,0.263544717051,0.226196692092,1.9338591689,1.9276423531,1.9888147863
1.51380030369,0.239110107523,0.239067823129,1.36914129771,1.36329990968,1.4241702298
1.38895079411,0.249582083035,0.242868385554,1.15912405178,1.15444075615,1.20316436911
2.48918709731,0.249582083035,0.112488633727,3.27620808293,3.29480391352,3.32193171561
2.3838453236,0.246091424531,0.125434629341,3.09389219902,3.10247231459,3.14250980762
2.13804785161,0.230383461263,0.126950249143,2.59594736615,2.60426901938,2.69181476345
1.89225037962,0.197222205475,0.137618568013,1.99003830315,1.99140752418,2.11062773251
1.69327147372,0.181514242207,0.178203327409,1.53837658575,1.5261058284,1.62728534471
2.43846698404,0.223402144255,0.243770452085,3.0716067202,3.07315615797,3.08831432539
2.34482985185,0.216420827247,0.215003213394,2.94259278067,2.9397023146,2.97556384893
2.18876796487,0.211184839491,0.215366674558,2.65656951668,2.65083887213,2.71136158659
2.06586922888,0.218166156499,0.205478953561,2.43990738112,2.43120287086,2.50206526652
2.02490298355,0.204203522483,0.237947018979,2.31409006342,2.30981968284,2.38855486184
3.29680736242,0.193731546971,0.0668042983671,4.36411393204,4.46930991207,4.3991002912
2.80521241844,0.198967534727,0.113787529875,3.72370224795,3.7425320499,3.74398860884
2.54771030493,0.186750229963,0.12678069835,3.28341505616,3.2925433617,3.35097912263
2.37799300284,0.212930168743,0.13127816656,3.02890792719,3.03402795939,3.09756489191
2.45017162556,0.178023583703,0.152757785355,3.09599746716,3.09088264688,3.15790837521
