2.77009849387,0.181514242207,0.162954938753,3.61452902539
2.67255981451,0.191986217719,0.176417070361,3.47266966145
2.57502113515,0.211184839491,0.202976966073,3.31531957875
2.47748245579,0.246091424531,0.245204768148,3.14281509036
2.34092830468,0.284488668075,0.295575504764,2.91290141041
2.24338962532,0.315904594611,0.347582930267,2.733862612
2.12634321008,0.356047167407,0.396473205196,2.53561833215
2.26289736119,0.249582083035,0.206846700408,2.87964321708
2.1848664177,0.258308729295,0.226728467719,2.74649082782
2.12634321008,0.298451302091,0.272492223717,2.64310617361
2.02880453072,0.331612557879,0.321922638994,2.47151683196
1.95077358723,0.363028484415,0.374531689339,2.32682184104
1.81421943613,0.417133691227,0.407827479245,2.11084846328
