# FlightScope Trajectory Optimizer 출력 (바람 끔), OpenFairway 저장소 assets/data 의 fs.csv 들을 합쳐 중복 제거 (MIT, github.com/digitalhand/openfairway)
# 실측이 아니라 상용 엔진(FlightScope)의 계산값이다. OpenFairway 는 이 자료로 보정됐다.
speed_mph,vla_deg,total_spin_rpm,spin_axis_deg,carry_yd,apex_ft
102.10,17.40,5391.0,12.30,138.1,59.6
93.90,22.90,5375.0,2.00,125.8,69.3
58.27,15.57,1850.1,2.31,43.8,10.1
78.27,5.57,1850.1,2.31,39,3.1
75.05,38.50,10700.8,5.74,77.6,79.5
150.00,12.50,2335.0,-9.90,244,80.6
124.00,9.40,2322.0,-24.80,158,30.2
124.60,13.20,3994.0,-6.10,184.8,65.8
119.10,16.00,4935.0,-9.40,174.1,78.5
119.00,15.50,4454.0,-7.80,175.6,73.8
68.05,45.00,12000.0,0.84,61.8,76.8
82.28,26.46,4946.5,6.74,104.5,60.5
91.78,5.00,2195.3,16.20,56.2,4.3
48.66,28.96,5683.7,11.12,42.6,21.3
51.83,37.03,5652.0,9.08,49.1,35.3
66.40,23.20,6449.0,7.10,70.6,31.2
54.70,26.80,4976.0,5.70,52.2,24.4
124.20,6.70,4528.0,4.80,165.5,32.80
118.80,14.50,3026.0,11.20,175.6,59.3
114.46,6.95,1932.5,-1.42,122.6,15.7
89.70,25.51,6446.1,6.16,115.1,72.0
78.51,29.59,7349.8,10.69,93.0,64.0
90.80,24.49,7260.6,4.91,115.4,71.5
95.22,19.62,5609.6,12.20,125.3,58.4
87.13,22.37,5660.3,11.37,110.9,55.9
88.14,14.21,4985.2,19.37,101.3,28.9
94.07,19.14,5291.1,4.96,124.3,55.3
122.92,14.40,4119.1,6.69,184.0,71.8
105.67,20.50,5666.8,8.18,146.8,80.4
128.59,12.54,2513.7,5.13,194.5,57.3
120.88,15.02,4245.1,9.62,179.4,72.3
127.35,7.24,2320.9,-19.47,154.9,23.1
123.29,14.01,3104.1,9.97,185.4,63.0
125.52,8.64,3062.5,-23.87,161.9,31.0
121.48,14.53,3172.9,-6.80,183.0,64.6
116.97,18.42,5035.4,9.70,170.7,88.1
112.96,17.59,4291.5,12.21,164.5,73.6
94.41,20.07,4020.4,16.33,126.5,54.8
121.33,5.59,1661.5,-11.89,120.6,12.2
119.40,5.31,1759.7,-10.46,114.6,10.9
108.89,5.62,2500.8,-1.78,103.2,10.5
115.83,8.90,2804.3,2.19,147.7,28.0
123.42,6.29,2751.6,-13.27,145.9,19.8
87.96,14.22,4064.7,8.41,103.1,28.4
90.59,14.45,3360.4,7.80,108.8,29.8
74.19,10.23,3321.4,15.75,58.4,9.4
75.04,8.01,3921.4,3.42,53.9,6.8
86.90,9.35,2508.9,-4.94,78.6,12.1
97.99,9.13,3775.9,1.68,109.1,19.7
56.46,9.97,5178.3,29.12,30.6,4.5
80.55,15.35,4667.1,-0.03,90.0,26.4
78.86,10.40,4166.0,25.12,67.8,11.8
82.57,10.16,3041.1,25.35,71.5,11.8
79.12,13.35,3186.9,11.59,79.2,18.0
60.98,6.14,3284.8,22.03,24.0,2.1
62.11,6.80,2768.0,30.00,26.2,2.5
82.53,9.88,2620.2,13.56,71.3,11.3
77.19,13.14,4057.2,4.14,76.6,17.5
94.06,13.88,4616.2,1.70,117.3,35.0
114.96,9.46,2314.5,15.10,142.3,26.6
109.32,6.42,2509.9,-10.87,109.6,12.9
116.33,13.65,3007.9,10.67,167.3,51.6
99.48,14.78,4810.7,4.69,131.2,45.0
101.73,15.23,4631.0,4.26,137.1,48.9
71.25,7.70,2624.7,30.00,39.9,4.5
82.80,14.85,3783.4,2.81,93.2,25.6
83.34,13.18,3409.5,17.79,86.9,20.1
73.37,10.85,3560.9,30.00,56.6,9.6
93.74,17.06,4611.6,2.63,122.3,46.0
92.09,16.41,4216.7,-0.44,117.9,40.6
107.59,13.82,3633.3,4.72,148.4,46.3
90.17,17.56,4508.5,-0.21,115.4,43.1
76.36,17.52,5122.2,1.84,85.0,28.4
93.10,16.96,3762.5,4.20,121.2,42.5
92.36,16.96,3851.7,2.81,119.7,42.0
104.19,14.67,4081.2,1.90,142.5,48.2
88.98,15.10,3563.2,11.26,106.7,30.8
71.29,23.93,4085.5,8.31,82.1,36.8
90.11,21.67,5243.0,11.20,117.3,57.7
84.02,19.37,5352.1,11.48,102.7,41.8
83.03,22.51,7008.5,9.70,101.1,51.5
92.21,21.95,5042.3,0.73,122.9,62.6
90.06,22.14,5351.1,1.21,118.1,60.1
116.17,21.74,6409.0,3.23,162.9,108.7
102.11,31.33,8442.2,6.26,124.5,119.3
97.23,30.63,8925.8,5.99,117.6,105.8
121.50,12.88,3410.9,-9.97,178.2,56.5
117.48,7.48,2150.0,-27.19,125.6,17.2
118.70,17.12,4553.8,2.81,176.6,83.2
120.93,14.10,1544.1,-7.96,177.6,50.9
119.27,23.59,7093.4,3.26,163.2,125.7
80.96,44.91,6735.0,12.36,83.7,107.8
107.39,11.67,3268.6,-14.80,138.5,34.0
69.63,28.57,5327.2,5.10,80.1,46.4
81.25,28.38,6959.4,9.38,98.5,65.6
75.71,27.32,6605.0,3.99,89.7,53.5
81.66,28.12,6509.6,12.74,100.0,65.0
88.55,23.37,6637.4,6.04,112.7,63.4
74.06,23.61,5880.4,8.45,86.0,41.2
106.87,15.70,3662.0,8.88,150.3,53.7
105.45,18.52,5714.3,2.28,146.0,71.9
99.72,20.51,6997.1,1.55,132.0,72.8
114.64,15.34,3501.5,12.77,166.6,60.3
117.92,14.40,3735.1,13.26,171.9,61.1
89.08,16.71,5261.8,6.18,110.8,40.1
106.31,15.46,4114.0,3.40,148.7,54.5
84.90,6.99,2262.9,30.00,55.3,5.8
86.01,15.91,4178.9,1.01,103.1,32.2
76.23,6.14,3695.3,0.00,46.2,4.3
96.81,18.19,6358.2,17.49,124.7,55.5
85.61,14.70,4622.8,10.94,98.9,28.6
78.84,9.70,4288.8,0.00,69.4,11.5
91.87,17.75,5966.8,11.46,116.4,47.6
76.88,7.65,3780.1,30.00,50.8,6.0
87.13,22.10,5730.4,4.69,111.2,55.8
75.35,23.70,6790.0,2.92,87.7,43.9
79.41,14.92,4369.2,30.00,80.9,21.4
74.62,23.60,6418.0,6.12,86.6,42.3
47.61,37.82,5608.6,5.60,42.4,30.5
69.84,20.07,3577.0,7.98,74.8,26.2
76.33,26.80,5988.6,4.90,91.5,52.8
76.26,27.35,6296.3,5.22,91.1,54.2
53.25,24.98,4085.0,3.00,48.5,20.2
62.81,31.15,6128.8,6.31,67.3,41.8
46.66,24.60,3699.1,0.00,37.4,14.6
46.55,25.52,4318.4,0.58,37.9,15.6
60.30,22.56,4043.8,4.96,59.3,22.8
68.69,26.10,4148.8,8.23,78.4,38.6
76.85,25.20,6565.2,8.16,91.1,49.5
107.01,10.72,3700.4,15.50,134.5,31.0
128.27,9.51,2613.7,-6.77,180.9,39.9
100.89,23.65,7893.3,7.23,131.0,87.5
130.05,7.89,1997.4,1.80,171.0,28.9
129.89,11.95,2965.3,-0.82,197.1,59.4
116.24,14.11,3909.1,0.36,169.4,60.2
126.56,7.88,2418.3,5.93,165.8,28.8
96.45,10.09,1644.0,5.10,98.4,16.5
97.89,9.42,3752.0,4.52,109.9,20.5
90.17,9.74,4135.2,7.98,93.7,17.2
105.71,11.72,3776.1,10.99,136.7,35.0
111.13,9.31,2637.1,-2.91,136.7,25.6
107.15,14.31,4648.0,7.59,147.4,51.9
103.35,14.05,5084.7,13.65,136.6,46.5
98.45,15.21,3446.7,6.38,129.8,40.9
110.04,12.92,3297.2,8.98,150.7,42.9
100.79,15.59,3498.0,3.50,136.5,45.5
109.67,18.21,3711.3,5.17,160.9,70.2
106.67,18.22,5796.8,8.85,147.5,72.1
96.96,18.53,4809.3,4.30,130.8,56.2
101.23,20.48,4282.2,5.84,142.6,69.2
98.52,20.39,4377.3,10.38,136.0,64.1
90.13,20.73,6342.4,5.08,115.3,56.5
136.11,8.71,2154.9,-0.59,193.9,39.1
133.20,5.82,2130.0,-19.69,154.2,18.4
123.96,12.67,3764.6,2.20,184.7,61.9
128.90,5.14,1634.8,2.91,135.9,13.3
134.80,10.70,3349.5,-6.46,204.1,59.2
137.20,7.11,2596.0,-12.12,186.5,32.0
123.09,15.27,4479.8,-6.82,184.2,79.3
123.52,18.72,5686.4,8.96,180.1,104.1
47.74,29.72,5998.7,0.00,41.4,21.3
52.57,37.20,5241.1,7.60,50.6,36.6
55.36,37.35,5902.8,9.87,54.5,41.0
52.33,36.23,5373.7,13.17,50.0,34.7
48.44,29.04,4593.3,2.52,42.6,21.0
83.58,25.18,5520.0,9.92,105.5,59.2
76.63,21.19,5232.4,-5.55,89.9,37.9
57.80,26.75,4564.0,2.10,57.9,27.4
69.78,29.37,6334.5,8.08,79.4,48.8
68.60,29.11,6801.1,6.75,76.8,46.6
77.39,28.89,6293.5,7.31,93.0,60.1
76.27,28.17,5434.0,9.06,92.3,55.8
79.68,28.14,5839.6,9.11,97.9,61.5
76.43,28.21,5023.9,4.70,93.4,55.9
86.42,24.09,5479.7,3.71,111.1,60.9
